Date,Rank,Y,X,spread_centered,ou_z,upper,lower,beta_kf
2025-11-24,1.0,LRCX,MSFT,0.4134257708860407,2.5360613709571087,0.3260376705552784,-0.3260376705552784,0.31582006028994314
2025-11-24,2.0,CNR.TO,CP.TO,-1.7562496201990392,-3.0,1.1447801544016356,-1.1447801544016356,1.299822434377335
2025-11-24,3.0,AVGO,KLAC,0.28543736217992344,2.297533550837982,0.2484728565341869,-0.2484728565341869,0.3315215084516518
2025-11-24,4.0,LRCX,NXPI,1.4670850699866895,2.5156182592850644,1.1663813176516165,-1.1663813176516165,0.7769239461742475
2025-11-25,1.0,ADI,CDNS,1.6840372528217729,2.8204675520828735,1.194154672389786,-1.194154672389786,0.8172051215696162
2025-11-25,2.0,AMAT,MSFT,0.5871200294572313,2.287545119860703,0.5133188625306618,-0.5133188625306618,0.5069868858234073
2025-11-25,3.0,AMAT,NXPI,3.0524296159118802,3.0,1.8826469252372817,-1.8826469252372817,1.252481296867658
2025-11-25,4.0,EA,META,-0.2665547509422076,-2.032917349160542,0.26223865033399096,-0.26223865033399096,0.3166633255382499
2025-11-25,5.0,LRCX,NVDA,1.6823841972807163,2.1859229264461315,1.5392895851236006,-1.5392895851236006,0.8316029385433252
2025-11-26,1.0,PAYX,ZS,2.316449573032539,3.0,0.8069709609459998,-0.8069709609459998,0.42310066866900975
2025-11-26,2.0,FTNT,ZS,1.707773533687986,3.0,0.5552461327574358,-0.5552461327574358,0.3091339780758712
2025-11-26,3.0,DDOG,ZS,3.2428102458217607,3.0,1.1517081675734697,-1.1517081675734697,0.6106074434385867
2025-11-26,4.0,CSCO,WDAY,1.0731379363036933,3.0,0.5320908435753537,-0.5320908435753537,0.34543186384691704
2025-11-26,5.0,PAYX,WDAY,1.6707280368665776,3.0,0.9017988625644332,-0.9017988625644332,0.5037832895745548
2025-11-26,6.0,FTNT,WDAY,1.2300884856237781,2.690062944714371,0.9145425299736903,-0.9145425299736903,0.3656342811190586
2025-11-28,1.0,AEM.TO,WPM.TO,-1.605952742138956,-2.36553179310671,1.357794257357936,-1.357794257357936,1.5926279691590675
2025-12-01,1.0,FTNT,ZS,0.630819054474758,2.2722141308468573,0.5552461327574358,-0.5552461327574358,0.3297835941142758
2025-12-01,2.0,CNQ.TO,IMO.TO,0.4701896250469694,2.340448428795714,0.4017944760174931,-0.4017944760174931,0.3387147995938202
2025-12-01,3.0,AEM.TO,WPM.TO,-1.602613800757271,-2.3606136085384795,1.357794257357936,-1.357794257357936,1.5709907004023809
2025-12-01,6.0,LRCX,NXPI,-1.2542382542653612,-2.03222981817235,1.2343468667272466,-1.2343468667272466,0.7817974785732745
2025-12-02,1.0,MCHP,ROP,0.2118820178249795,2.6725168820104432,0.1585636515535033,-0.1585636515535033,0.1271727213130024
2025-12-02,3.0,NXPI,ROP,1.036177394086984,3.0,0.48281133842406104,-0.48281133842406104,0.48015967855077646
2025-12-02,5.0,AMD,NXPI,-4.729731808483288,-3.0,3.036153820888788,-3.036153820888788,1.0209025512725554
2025-12-02,6.0,LRCX,NXPI,-2.1848066880788095,-3.0,1.2343468667272466,-1.2343468667272466,0.7441087194846081
2025-12-02,7.0,MSFT,NXPI,-7.85649857391463,-3.0,4.8460083467089055,-4.8460083467089055,2.2894824458003513
2025-12-02,8.0,AMAT,NXPI,-2.2918457927710216,-2.2505739754732854,2.0366767035854103,-2.0366767035854103,1.2421140049683976
2025-12-02,9.0,CNQ.TO,IMO.TO,0.5279840685686202,2.6281300519703175,0.4017944760174931,-0.4017944760174931,0.3450955657105822
2025-12-02,10.0,ABNB,DASH,-1.4803095687834393,-2.069537128097528,1.4305706804537976,-1.4305706804537976,0.5419482899745136
2025-12-03,1.0,MCHP,MSFT,0.5009440542235736,3.0,0.17169594919402847,-0.17169594919402847,0.13209595260174511
2025-12-03,2.0,MCHP,ROP,0.4513237420607641,3.0,0.1596753384309469,-0.1596753384309469,0.1416149989932659
2025-12-03,3.0,MCHP,PANW,1.5238836414705825,3.0,0.8314747102938004,-0.8314747102938004,0.3177959444881676
2025-12-03,4.0,MCHP,NVDA,2.168638382656844,3.0,0.9546090708902815,-0.9546090708902815,0.3294355409745382
2025-12-03,5.0,ON,TEAM,1.3758973522182705,2.7152145632933573,1.0134722837884365,-1.0134722837884365,0.34668905148361706
2025-12-03,7.0,AMAT,NXPI,-2.810977035857319,-2.7257079978304755,2.0625665244367433,-2.0625665244367433,1.1920690746588212
2025-12-03,8.0,MSFT,NXPI,-9.056533221515027,-3.0,4.938863274539606,-4.938863274539606,2.116796289653334
2025-12-03,9.0,FTNT,MCHP,-6.425097526425939,-3.0,3.6807006618871605,-3.6807006618871605,1.2434271009868885
2025-12-03,10.0,NXPI,ROP,0.788302315315209,3.0,0.5117328220024331,-0.5117328220024331,0.5060896321338879
2025-12-03,12.0,LRCX,NXPI,-1.8798289678958986,-2.878524044911113,1.3061061422913676,-1.3061061422913676,0.7107736597369463
2025-12-03,13.0,FTNT,ON,-5.125307591036876,-2.0553124649760317,4.9873755726934155,-4.9873755726934155,1.3735150523953723
2025-12-03,14.0,MSFT,ROP,-0.9843079768791643,-2.3185159994785987,0.8490844808494064,-0.8490844808494064,1.0727600568499507
2025-12-03,19.0,AMAT,MSFT,0.5678058475330786,2.023074366615271,0.5613296840719237,-0.5613296840719237,0.5609756286064346
2025-12-04,1.0,CNQ.TO,IMO.TO,0.621950584474216,2.9498879240455014,0.42167743350823156,-0.42167743350823156,0.35459208214486904
2025-12-04,3.0,BN.TO,CM.TO,-0.9140089759339205,-2.1484016893257905,0.8508734474331512,-0.8508734474331512,0.5269404763997662
2025-12-05,1.0,CNQ.TO,IMO.TO,0.6667388727043674,3.0,0.42167743350823156,-0.42167743350823156,0.36283149831472955
2025-12-08,1.0,FTNT,MSFT,-0.2511200547342004,-2.0056030100414515,0.25041850603226834,-0.25041850603226834,0.17050354196455808
2025-12-08,2.0,FTNT,ZS,-0.6587060074278627,-2.0376131638023827,0.6465466744420258,-0.6465466744420258,0.3397394525039299
2025-12-08,3.0,FTNT,MCHP,-3.8459185387932946,-2.0897752314481473,3.6807006618871605,-3.6807006618871605,1.1438264581641118
2025-12-09,1.0,AEM.TO,WPM.TO,-2.2912327174580716,-3.0,1.3948334191401677,-1.3948334191401677,1.5341365669941776
2025-12-10,1.0,EA,TMUS,1.413888557955093,2.0144710377512314,1.4037318298042418,-1.4037318298042418,1.0297270384794022
2025-12-10,3.0,AEM.TO,WPM.TO,-3.8983051210279407,-3.0,1.4588347601226976,-1.4588347601226976,1.4764223663542104
2025-12-10,4.0,ABNB,DASH,1.5141591194119737,2.117910868535871,1.4298610408083172,-1.4298610408083172,0.5613817186660142
2025-12-10,6.0,AMAT,MSFT,0.8458948096898943,2.9690345275802703,0.5698113658376948,-0.5698113658376948,0.5730265925797042
2025-12-10,7.0,LRCX,MSFT,0.3834276621703651,2.1683080798439907,0.3536652985197128,-0.3536652985197128,0.3507225205953335
2025-12-10,8.0,MSFT,ROP,-1.0447618696401193,-2.385558527660828,0.8759054598962752,-0.8759054598962752,1.0835204913213554
2025-12-12,1.0,CAE.TO,WCN.TO,0.3040932564055468,2.5742040842328966,0.23626196405182495,-0.23626196405182495,0.1713102804774286
2025-12-12,2.0,ADI,AVGO,2.789066002234296,3.0,1.3457676975908996,-1.3457676975908996,0.7534566539903645
2025-12-12,3.0,AVGO,KLAC,-0.3110730398332165,-2.626123944794942,0.23690659418400473,-0.23690659418400473,0.3010669171565169
2025-12-12,4.0,CAE.TO,CP.TO,0.9132895904740821,2.9203813434157864,0.6254591322692568,-0.6254591322692568,0.3852592135247574
2025-12-12,5.0,CAE.TO,CNR.TO,0.7846497213552877,3.0,0.467655921077339,-0.467655921077339,0.2977842471613283
2025-12-12,7.0,LRCX,MSFT,-0.41130279100712813,-2.3259437254865576,0.3536652985197128,-0.3536652985197128,0.3362332934272941
2025-12-15,1.0,ABNB,AMZN,1.2163917278644523,2.3618694271131515,1.0300245338720648,-1.0300245338720648,0.5831589682896642
2025-12-15,2.0,PAYX,WDAY,1.0688038805306308,2.2621043195050157,0.9449642718197028,-0.9449642718197028,0.5259187696151394
2025-12-15,3.0,CSCO,WDAY,0.6625842721538533,2.339211743598566,0.566502176613183,-0.566502176613183,0.35807638125187247
2025-12-15,4.0,BIP-UN.TO,EMA.TO,-1.1394551820378855,-2.6533905710873933,0.8588672881059665,-0.8588672881059665,0.7178275944606546
2025-12-15,5.0,ADI,AVGO,2.0731261276441333,3.0,1.3457676975908996,-1.3457676975908996,0.8033449338074836
2025-12-15,6.0,CAE.TO,WCN.TO,-0.2540825231084269,-2.1508542361282745,0.23626196405182495,-0.23626196405182495,0.16646350810007676
2025-12-15,7.0,AVGO,KLAC,-0.29912796474633147,-2.5252818797774754,0.23690659418400473,-0.23690659418400473,0.2769984981339466
2025-12-15,8.0,CP.TO,WCN.TO,-0.5922140606490015,-2.145554719882517,0.5520381793678318,-0.5520381793678318,0.42328804904504214
2025-12-16,1.0,BIP-UN.TO,EMA.TO,-0.9797635170044008,-2.281524818962527,0.8588672881059665,-0.8588672881059665,0.7073275276042734
2025-12-17,1.0,MCHP,ROP,-0.2154581699714109,-2.3733073967862683,0.18156785780313675,-0.18156785780313675,0.14192723639041852
2025-12-17,2.0,FTNT,ROP,-0.2963256306409272,-2.3156316240634305,0.255935035228911,-0.255935035228911,0.17608502980105442
2025-12-17,3.0,CNQ.TO,IMO.TO,0.5371862765783457,2.348387787580626,0.4574936723987736,-0.4574936723987736,0.3676279504865248
2025-12-17,4.0,NXPI,ROP,-0.7415752082522091,-2.7892210881636954,0.531743583467907,-0.531743583467907,0.49499527190437537
2025-12-17,8.0,LRCX,MSFT,-0.5197226204232547,-2.8096897308467907,0.36995018682480607,-0.36995018682480607,0.32651961039232064
2025-12-17,9.0,AMAT,MSFT,-0.6659762105393803,-2.2121792209460978,0.6020996890609592,-0.6020996890609592,0.5226746956804066
2025-12-18,1.0,LRCX,NXPI,1.8072019727897215,2.630034648279932,1.3742799730578827,-1.3742799730578827,0.7308564693735231
2025-12-19,2.0,LRCX,MSFT,0.3767968344248063,2.037013889133364,0.36995018682480607,-0.36995018682480607,0.3536774331997778
2025-12-19,3.0,CAE.TO,CNR.TO,0.4946219200055404,2.0408069639315736,0.48473170539624305,-0.48473170539624305,0.30182947319344827
2025-12-22,1.0,CAE.TO,CNR.TO,0.6873586233725157,2.8360374026313617,0.48473170539624305,-0.48473170539624305,0.31162762130951677
2025-12-22,2.0,CAE.TO,CP.TO,0.808300425141262,2.507048390661539,0.6448223561635956,-0.6448223561635956,0.40818881560636683
2025-12-29,1.0,GOOG,GOOGL,-0.0745309991847619,-2.0378473605270244,0.07314679266801104,-0.07314679266801104,1.0027482455508276
